"pathway","pval","padj","log2err","ES","NES","size"
"HALLMARK_OXIDATIVE_PHOSPHORYLATION",7.22610984591548e-07,3.61305492295774e-05,0.659444398037935,0.772631404764534,1.60524474161258,199
"HALLMARK_TNFA_SIGNALING_VIA_NFKB",0.00269319552825232,0.0650420747452165,0.431707695803346,0.698000589422402,1.44281751144966,185
"HALLMARK_HYPOXIA",0.00390252448471299,0.0650420747452165,0.431707695803346,0.69322039879297,1.42844043199025,166
"HALLMARK_MTORC1_SIGNALING",0.00545125140685725,0.0663542947785923,0.407017918923954,0.661819646130297,1.37189822304583,191
"HALLMARK_EPITHELIAL_MESENCHYMAL_TRANSITION",0.0104256483504001,0.0663542947785923,0.380730400722792,0.692222809966442,1.41350419686965,132
"HALLMARK_GLYCOLYSIS",0.0106200170481943,0.0663542947785923,0.380730400722792,0.663087285574882,1.36928934988624,172
"HALLMARK_P53_PATHWAY",0.0123069330453049,0.0663542947785923,0.380730400722792,0.657705845421499,1.35641858048346,176
"HALLMARK_ALLOGRAFT_REJECTION",0.0124487927210251,0.0663542947785923,0.380730400722792,0.663443447370812,1.36845764902211,171
"HALLMARK_MYC_TARGETS_V1",0.0129242007418835,0.0663542947785923,0.380730400722792,0.656726229406731,1.36288445728338,195
"HALLMARK_UNFOLDED_PROTEIN_RESPONSE",0.0132708589557185,0.0663542947785923,0.380730400722792,0.710166911738869,1.42933068006669,106
"HALLMARK_DNA_REPAIR",0.0271444082519001,0.123383673872273,0.287857117255149,0.654084036850972,1.34020416635813,148
"HALLMARK_ANDROGEN_RESPONSE",0.0340522133938706,0.140370578326783,0.261663521711573,0.694233873374381,1.38543535190622,91
"HALLMARK_REACTIVE_OXYGEN_SPECIES_PATHWAY",0.0364963503649635,0.140370578326783,0.261663521711573,0.75422845191915,1.41983745836811,48
"HALLMARK_APOPTOSIS",0.0661605206073753,0.236287573597769,0.179782316298324,0.620806818745335,1.27232576525364,147
"HALLMARK_TGF_BETA_SIGNALING",0.0853658536585366,0.284552845528455,0.166933848713193,0.69844891024349,1.31919292826984,50
"HALLMARK_UV_RESPONSE_UP",0.0926935659760087,0.284694215559309,0.150169802128406,0.610959357066899,1.2489650479704,140
"HALLMARK_ADIPOGENESIS",0.106681034482759,0.284694215559309,0.138022242496643,0.587374408451584,1.21540446945159,180
"HALLMARK_PROTEIN_SECRETION",0.10783200908059,0.284694215559309,0.141225119642531,0.629681381371304,1.25661233144482,91
"HALLMARK_KRAS_SIGNALING_DN",0.108183801912537,0.284694215559309,0.287805130535564,-0.540719072891051,-1.31671641095695,107
"HALLMARK_KRAS_SIGNALING_UP",0.114470842332613,0.286177105831533,0.132846300606183,0.597886774983249,1.23056073985663,154
"HALLMARK_ESTROGEN_RESPONSE_LATE",0.134490238611714,0.320214853837413,0.121543282035469,0.593291152240123,1.21593319612326,147
"HALLMARK_NOTCH_SIGNALING",0.189873417721519,0.431530494821634,0.211400189384923,-0.574636877406894,-1.21887790076915,28
"HALLMARK_G2M_CHECKPOINT",0.219972813719721,0.467716672467804,0.249246554383295,-0.429139158525686,-1.1130840574526,192
"HALLMARK_PANCREAS_BETA_CELLS",0.23055934515689,0.467716672467804,0.101350743797099,0.711032526618279,1.21337186336732,18
"HALLMARK_HEME_METABOLISM",0.240520043336945,0.467716672467804,0.0855356947987884,0.546651052929041,1.1288715198863,183
"HALLMARK_COAGULATION",0.243212669683258,0.467716672467804,0.0873098257637931,0.580680703782649,1.15797522352133,95
"HALLMARK_XENOBIOTIC_METABOLISM",0.258899676375405,0.479443845139638,0.0813027345384498,0.550876308447833,1.13223266709907,151
"HALLMARK_ESTROGEN_RESPONSE_EARLY",0.315334773218143,0.530102892102336,0.0711327399327894,0.533186723303494,1.09667042905253,152
"HALLMARK_PEROXISOME",0.316742081447964,0.530102892102336,0.0732558655828455,0.555771324196632,1.10830172101643,95
"HALLMARK_INTERFERON_ALPHA_RESPONSE",0.319327731092437,0.530102892102336,0.231126709673834,-0.434249250754546,-1.05567421360594,94
"HALLMARK_IL2_STAT5_SIGNALING",0.328663793103448,0.530102892102336,0.0689567351672811,0.524562942106292,1.08457696829797,181
"HALLMARK_MYOGENESIS",0.374045801526718,0.584446564885496,0.0632191170859458,0.524003913199708,1.07120476184882,140
"HALLMARK_CHOLESTEROL_HOMEOSTASIS",0.406067677946324,0.601065601065601,0.0625237414724762,0.544141714335314,1.05710651487713,68
"HALLMARK_APICAL_SURFACE",0.419768934531451,0.601065601065601,0.0655321029282414,0.595985873633309,1.06940054493371,32
"HALLMARK_SPERMATOGENESIS",0.420745920745921,0.601065601065601,0.0607719451853533,0.532722841024459,1.04480848818153,80
"HALLMARK_ANGIOGENESIS",0.449315068493151,0.624048706240487,0.0653834195468773,0.62263376924627,1.05692579676069,19
"HALLMARK_FATTY_ACID_METABOLISM",0.463307776560789,0.626091589947012,0.053347785067549,0.498228761713582,1.01901977703863,135
"HALLMARK_APICAL_JUNCTION",0.513542795232936,0.675714204253863,0.0481183992657975,0.483633599079912,0.992058953987772,145
"HALLMARK_INFLAMMATORY_RESPONSE",0.533549783549784,0.684038184038184,0.0463227785794633,0.475932502344257,0.979222193415425,157
"HALLMARK_COMPLEMENT",0.573894282632147,0.717367853290183,0.042845050912155,0.470387396795608,0.971359980450416,172
"HALLMARK_HEDGEHOG_SIGNALING",0.602614379084967,0.73489558424996,0.0493910105981501,0.536657767878553,0.945599106120239,28
"HALLMARK_MYC_TARGETS_V2",0.635391923990499,0.750283125707814,0.0425877779273254,0.476011391780525,0.91103750054171,57
"HALLMARK_INTERFERON_GAMMA_RESPONSE",0.648387096774194,0.750283125707814,0.0370705393657621,0.449470366094618,0.93034908561629,190
"HALLMARK_PI3K_AKT_MTOR_SIGNALING",0.660249150622877,0.750283125707814,0.03863723737086,0.457554476654756,0.911829559330934,96
"HALLMARK_IL6_JAK_STAT3_SIGNALING",0.71494785631518,0.794386507016866,0.035996889024589,0.439603055484471,0.86094551217469,73
"HALLMARK_BILE_ACID_METABOLISM",0.770193401592719,0.837166740861651,0.0315649069021069,0.416067306515876,0.828634377507867,88
"HALLMARK_WNT_BETA_CATENIN_SIGNALING",0.834123222748815,0.887365130583846,0.0988903007520636,-0.324769861244385,-0.729844544442597,38
"HALLMARK_UV_RESPONSE_DN",0.925438596491228,0.963998538011696,0.019677649030838,0.35486036984502,0.722620969430981,116
"HALLMARK_MITOTIC_SPINDLE",0.984978540772532,0.985507246376812,0.0137183520206939,0.318598484588064,0.660832869339862,194
"HALLMARK_E2F_TARGETS",0.985507246376812,0.985507246376812,0.169570644405628,-0.293620201343484,-0.767469279971339,198
